Agronomía,1417
Agronomía,1419
Agronomía,1431
Agronomía,1427
Almagro,1172
Almagro,1247
Balvanera,1171
Balvanera,1170
Balvanera,1094
Balvanera,1098
Balvanera,1096
Balvanera,1089
Balvanera,1090
Balvanera,1091
Balvanera,1080
Balvanera,1083
Balvanera,1081
Balvanera,1025
Balvanera,1022
Balvanera,1027
Balvanera,1028
Balvanera,1026
Balvanera,1029
Balvanera,1030
Balvanera,1031
Balvanera,1032
Balvanera,1020
Balvanera,1056
Balvanera,1045
Balvanera,1046
Balvanera,1051
Balvanera,1052
Balvanera,1044
Balvanera,1040
Balvanera,1036
Balvanera,1039
Balvanera,1034
Balvanera,1033
Balvanera,1079
Balvanera,1209
Balvanera,1210
Balvanera,1211
Balvanera,1212
Balvanera,1213
Balvanera,1214
Balvanera,1215
Balvanera,1207
Balvanera,1204
Balvanera,1201
Balvanera,1203
Balvanera,1225
Balvanera,1222
Balvanera,1223
Balvanera,1219
Balvanera,1227
Balvanera,1229
Balvanera,1172
Balvanera,1174
Balvanera,1173
Balvanera,1179
Balvanera,1180
Balvanera,1187
Balvanera,1181
Balvanera,1183
Balvanera,1186
Balvanera,1189
Balvanera,1190
Balvanera,1191
Balvanera,1193
Balvanera,1194
Balvanera,1196
Balvanera,1197
Balvanera,1198
Barracas,1153
Barracas,1139
Barracas,1141
Barracas,1140
Barracas,1152
Barracas,1138
Barracas,1437
Barracas,1255
Barracas,1260
Barracas,1265
Barracas,1293
Barracas,1294
Barracas,1295
Barracas,1296
Barracas,1425
Barracas,1104
Barracas,1110
Barracas,1066
Barracas,1164
Barracas,1143
Barracas,1267
Barracas,1268
Barracas,1269
Barracas,1270
Barracas,1271
Barracas,1272
Barracas,1273
Barracas,1274
Barracas,1275
Barracas,1276
Barracas,1277
Barracas,1278
Barracas,1279
Barracas,1280
Barracas,1281
Barracas,1282
Barracas,1283
Barracas,1284
Barracas,1285
Barracas,1286
Barracas,1287
Barracas,1288
Barracas,1289
Barracas,1290
Barracas,1291
Barracas,1292
Belgrano,1468
Belgrano,1430
Belgrano,1428
Belgrano,1429
Belgrano,1426
Belgrano,1424
Belgrano,1425
Boca,1265
Boca,1266
Boca,1185
Boca,1065
Boca,1063
Boca,1169
Boca,1166
Boca,1167
Boca,1163
Boca,1164
Boca,1165
Boca,1160
Boca,1161
Boca,1162
Boca,1157
Boca,1158
Boca,1155
Boedo,1250
Boedo,1235
Boedo,1236
Boedo,1237
Boedo,1238
Boedo,1239
Boedo,1240
Boedo,1241
Boedo,1233
Boedo,1232
Boedo,1231
Boedo,1230
Boedo,1228
Boedo,1226
Boedo,1220
Boedo,1221
Boedo,1218
Chacarita,1418
Chacarita,1416
Chacarita,1414
Chacarita,1427
Coghlan,1429
Coghlan,1428
Coghlan,1430
Coghlan,1431
Colegiales,1414
Colegiales,1428
Colegiales,1427
Colegiales,1426
Constitución,1100
Constitución,1101
Constitución,1102
Constitución,1103
Constitución,1099
Constitución,1107
Constitución,1153
Constitución,1154
Constitución,1159
Constitución,1180
Constitución,1206
Constitución,1245
Constitución,1261
Constitución,1407
Constitución,1426
Constitución,1427
Constitución,1480
Constitución,1110
Constitución,1134
Constitución,1135
Constitución,1136
Constitución,1137
Constitución,1130
Constitución,1133
Constitución,1138
Constitución,1139
Constitución,1140
Constitución,1147
Constitución,1148
Constitución,1150
Constitución,1151
Constitución,1152
Constitución,1070
Constitución,1071
Constitución,1072
Constitución,1073
Constitución,1074
Constitución,1075
Constitución,1076
Constitución,1077
Constitución,1078
Constitución,1080
Floresta,1471
Floresta,1440
Floresta,1419
Floresta,1407
Floresta,1406
Floresta,1416
Monserrat,1002
Monserrat,1010
Monserrat,1000
Monserrat,1085
Monserrat,1086
Monserrat,1087
Monserrat,1088
Monserrat,1091
Monserrat,1092
Monserrat,1093
Monserrat,1095
Monserrat,1096
Monserrat,1097
Monserrat,1100
Monserrat,1098
Monserrat,1158
Monserrat,1168
Monserrat,1405
Monserrat,1406
Monserrat,1407
Monserrat,1416
Monserrat,1424
Monserrat,1063
Monserrat,1064
Monserrat,1064
Monserrat,1067
Monserrat,1068
Monserrat,1069
Monserrat,1002
Monserrat,1010
Monserrat,1000
Monserrat,1107
Monserrat,1110
Monserrat,1134
Monserrat,1135
Monserrat,1136
Monserrat,1002
Monserrat,1010
Monserrat,1000
Monserrat,1002
Monserrat,1010
Monserrat,1000
Monserrat,1014
Monserrat,1020
Monserrat,1033
Monserrat,1041
Monserrat,1070
Monserrat,1071
Monserrat,1072
Monserrat,1073
Monserrat,1074
Monserrat,1075
Monserrat,1075
Monserrat,1076
Monserrat,1077
Monserrat,1078
Monserrat,1065
Monserrat,1066
Monserrat,1079
Monserrat,1080
Monserrat,1082
Monserrat,1084
Monte Castro,1419
Monte Castro,1416
Monte Castro,1417
Monte Castro,1407
Monte Castro,1408
Nueva Pompeya,1429
Nueva Pompeya,1436
Nueva Pompeya,1437
Nueva Pompeya,1263
Nuñez,1429
Nuñez,1428
Palermo,1182
Palermo,1183
Palermo,1172
Palermo,1175
Palermo,1176
Palermo,1177
Palermo,1113
Palermo,1113
Palermo,1007
Palermo,1004
Palermo,1019
Palermo,1055
Palermo,1425
Palermo,1426
Palermo,1428
Palermo,1429
Palermo,1439
Palermo,1414
Palermo,1425
Palermo,1416
Palermo,1404
Palermo,1186
Palermo,1188
Palermo,1180
Palermo,1179
Palermo,1181
Parque Chas,1431
Parque Chas,1427
Parque Patricios,1437
Parque Patricios,1258
Parque Patricios,1256
Parque Patricios,1254
Parque Patricios,1247
Parque Patricios,1259
Parque Patricios,1261
Parque Patricios,1241
Parque Patricios,1260
Parque Patricios,1262
Parque Patricios,1263
Parque Patricios,1264
Parque Patricios,1234
Parque Patricios,1244
Parque Patricios,1243
Parque Patricios,1249
Parque Patricios,1245
Parque Patricios,1275
Parque Patricios,1282
Parque Patricios,1283
Parque Patricios,1284
Paternal,1416
Paternal,1417
Paternal,1427
Puerto Madero,1001
Puerto Madero,1005
Puerto Madero,1006
Puerto Madero,1007
Puerto Madero,1010
Puerto Madero,1000
Puerto Madero,1184
Puerto Madero,1425
Puerto Madero,1001
Puerto Madero,1005
Puerto Madero,1006
Puerto Madero,1007
Puerto Madero,1010
Puerto Madero,1000
Puerto Madero,1001
Puerto Madero,1005
Puerto Madero,1006
Puerto Madero,1007
Puerto Madero,1010
Puerto Madero,1000
Puerto Madero,1001
Puerto Madero,1005
Puerto Madero,1006
Puerto Madero,1007
Puerto Madero,1010
Puerto Madero,1000
Recoleta,1121
Recoleta,1121
Recoleta,1122
Recoleta,1123
Recoleta,1124
Recoleta,1025
Recoleta,1023
Recoleta,1024
Recoleta,1001
Recoleta,1014
Recoleta,1012
Recoleta,1000
Recoleta,1011
Recoleta,1113
Recoleta,1114
Recoleta,1114
Recoleta,1115
Recoleta,1116
Recoleta,1117
Recoleta,1118
Recoleta,1119
Recoleta,1111
Recoleta,1112
Recoleta,1108
Recoleta,1062
Recoleta,1091
Recoleta,1022
Recoleta,1170
Recoleta,1171
Recoleta,1125
Recoleta,1126
Recoleta,1127
Recoleta,1128
Recoleta,1129
Recoleta,1120
Recoleta,1425
Recoleta,1414
Recoleta,1188
Recoleta,1187
Recoleta,1186
Recoleta,1180
Recoleta,1175
Recoleta,1174
Recoleta,1172
Recoleta,1173
Recoleta,1215
Recoleta,1061
Recoleta,1057
Recoleta,1059
Recoleta,1060
Recoleta,1055
Recoleta,1019
Recoleta,1018
Recoleta,1020
Recoleta,1021
Recoleta,1017
Recoleta,1016
Recoleta,1015
Recoleta,1013
Recoleta,1026
Retiro,1001
Retiro,1004
Retiro,1005
Retiro,1006
Retiro,1007
Retiro,1008
Retiro,1009
Retiro,1010
Retiro,1011
Retiro,1099
Retiro,1101
Retiro,1104
Retiro,1156
Retiro,1416
Retiro,1054
Retiro,1055
Retiro,1058
Retiro,1059
Retiro,1057
Retiro,1061
Retiro,1001
Retiro,1004
Retiro,1005
Retiro,1006
Retiro,1007
Retiro,1008
Retiro,1009
Retiro,1010
Retiro,1011
Retiro,1111
Retiro,1120
Retiro,1125
Retiro,1001
Retiro,1004
Retiro,1005
Retiro,1006
Retiro,1007
Retiro,1008
Retiro,1009
Retiro,1010
Retiro,1011
Retiro,1001
Retiro,1004
Retiro,1005
Retiro,1006
Retiro,1007
Retiro,1008
Retiro,1009
Retiro,1010
Retiro,1011
Retiro,1012
Retiro,1014
Retiro,1013
Retiro,1016
Retiro,1021
Retiro,1025
Retiro,1062
Saavedra,1428
Saavedra,1430
Saavedra,1431
Saavedra,1431
Saavedra,1429
San Cristóbal,1151
San Cristóbal,1133
San Cristóbal,1080
San Cristóbal,1099
San Cristóbal,1224
San Cristóbal,1221
San Cristóbal,1222
San Cristóbal,1223
San Cristóbal,1220
San Cristóbal,1219
San Cristóbal,1246
San Cristóbal,1248
San Cristóbal,1249
San Cristóbal,1242
San Cristóbal,1243
San Cristóbal,1244
San Cristóbal,1225
San Cristóbal,1227
San Cristóbal,1229
San Cristóbal,1230
San Cristóbal,1231
San Cristóbal,1232
San Cristóbal,1233
San Cristóbal,1234
San Cristóbal,1259
San Cristóbal,1247
San Cristóbal,1251
San Cristóbal,1252
San Cristóbal,1254
San Cristóbal,1256
San Cristóbal,1253
San Nicolás,1001
San Nicolás,1002
San Nicolás,1003
San Nicolás,1004
San Nicolás,1005
San Nicolás,1006
San Nicolás,1007
San Nicolás,1008
San Nicolás,1009
San Nicolás,1010
San Nicolás,1011
San Nicolás,1012
San Nicolás,1105
San Nicolás,1106
San Nicolás,1190
San Nicolás,1416
San Nicolás,1425
San Nicolás,1041
San Nicolás,1042
San Nicolás,1043
San Nicolás,1044
San Nicolás,1047
San Nicolás,1048
San Nicolás,1049
San Nicolás,1050
San Nicolás,1053
San Nicolás,1054
San Nicolás,1055
San Nicolás,1045
San Nicolás,1056
San Nicolás,1066
San Nicolás,1001
San Nicolás,1002
San Nicolás,1003
San Nicolás,1004
San Nicolás,1005
San Nicolás,1006
San Nicolás,1007
San Nicolás,1008
San Nicolás,1009
San Nicolás,1010
San Nicolás,1011
San Nicolás,1012
San Nicolás,1001
San Nicolás,1002
San Nicolás,1003
San Nicolás,1004
San Nicolás,1005
San Nicolás,1006
San Nicolás,1007
San Nicolás,1008
San Nicolás,1009
San Nicolás,1010
San Nicolás,1011
San Nicolás,1012
San Nicolás,1001
San Nicolás,1002
San Nicolás,1003
San Nicolás,1004
San Nicolás,1005
San Nicolás,1006
San Nicolás,1007
San Nicolás,1008
San Nicolás,1009
San Nicolás,1010
San Nicolás,1011
San Nicolás,1012
San Nicolás,1014
San Nicolás,1013
San Nicolás,1015
San Nicolás,1016
San Nicolás,1017
San Nicolás,1018
San Nicolás,1019
San Nicolás,1020
San Nicolás,1023
San Nicolás,1022
San Nicolás,1025
San Nicolás,1026
San Nicolás,1028
San Nicolás,1033
San Nicolás,1037
San Nicolás,1038
San Nicolás,1039
San Nicolás,1035
San Nicolás,1036
San Nicolás,1040
San Nicolás,1084
San Telmo,1091
San Telmo,1099
San Telmo,1100
San Telmo,1101
San Telmo,1102
San Telmo,1103
San Telmo,1098
San Telmo,1153
San Telmo,1154
San Telmo,1141
San Telmo,1165
San Telmo,1217
San Telmo,1426
San Telmo,1063
San Telmo,1064
San Telmo,1066
San Telmo,1068
San Telmo,1107
San Telmo,1114
San Telmo,1140
San Telmo,1143
San Telmo,1147
San Telmo,1150
San Telmo,1152
San Telmo,1069
San Telmo,1065
Versalles,1408
Versalles,1407
Versalles,1086
Villa Crespo,1069
Villa Crespo,1183
Villa Crespo,1188
Villa Crespo,1405
Villa Crespo,1416
Villa Crespo,1414
Villa Crespo,1425
Villa Devoto,1417
Villa Devoto,1419
Villa General Mitre,1417
Villa General Mitre,1416
Villa General Mitre,1429
Villa General Mitre,1425
Villa General Mitre,1158
Villa General Mitre,1406
Villa Luro,1440
Villa Luro,1416
Villa Luro,1407
Villa Luro,1408
Villa Ortúzar,1430
Villa Ortúzar,1431
Villa Ortúzar,1427
Villa Pueyrredón,1425
Villa Pueyrredón,1431
Villa Pueyrredón,1419
Villa Real,1419
Villa Real,1417
Villa Real,1408
Villa Real,1414
Villa Real,1006
Villa Santa Rita,1416
Villa Santa Rita,1417
Villa Santa Rita,1419
Villa Santa Rita,1223
Villa Santa Rita,1407
Villa Urquiza,1428
Villa Urquiza,1427
Villa Urquiza,1430
Villa Urquiza,1431
Villa del Parque,1417
Villa del Parque,1416
Villa del Parque,1417
Villa del Parque,1419
Villa del Parque,1414
Villa del Parque,1428
Villa del Parque,1425
Villa del Parque,1084
Villa del Parque,1407
Vélez Sarsfield,1407
